id	before	after	confidence	evidence
wa_abernathy_peak_north_ridge	Class 2-3	Class 3	medium	North ridge described as third class; trip report scrambled class 2/3 to the summit; a winter party met some 4th-class steps.
wa_abernathy_peak_south_ridge		Class 2	medium	Scatter Lake route called a Class 2 scramble (scree/talus then short ridge walk); one summary of the SummitPost page mentions Class 3 along the ridge from the saddle.
wa_east_gully	3rd	Class 3	high	Mountain Project lists East Gully at Agathla Tower (Frenchman Coulee, Vantage) as 3rd class.
wa_north_ridge_7	5.5	5.3	high	Mountain Project and SummitPost both grade the North Ridge 5.3; MP calls a 50-60 ft 4th-class pitch the crux.
wa_ragged_ridge	5.5	Class 4	medium	FKT route page: 'mixed 3rd and 4th class climbing to gain summits' and 4th-class downclimbs; trip reports put Kimtah Class 2+, Katsuk and Cosho Class 3, with class 4 sections on the traverse.
wa_alpine_lookout_round_mountain_trail		Class 1	high	Maintained trail (Round Mountain #1529 to Nason Ridge) to a staffed lookout; 10 mi RT, 2,600 ft gain.
wa_american_border_peak_northeast_face	class 3-4	Class 4	medium	Northeast face via a ~45-degree snow gully then rock of 'only moderate difficulty (class 4 but mostly class 3)'.
wa_amphitheater_mountain_west_route	Class 2-3	Class 3	medium	Trip report titles the West Ridge '3rd'; other sources call it a hike with easy scrambling (class 2 from the south peak).
wa_argonaut_peak_northeast_couloir	5.5-5.6	5.6	high	Mountain Project: 5.6 WI2 Steep Snow, Grade III, 1,200 ft, 40-50 degree couloir.
wa_arrowhead_mountain_south_route	F	Class 3	medium	Mountaineers rate it a Technical 3 scramble: up south slopes to the ridge east of the summit, then along the ridge.
wa_austera_peak	5.5	5.2	medium	Mountain Project: Easy 5th, Grade III, about 150 ft of 4th and easy 5th to the summit; the summit tower's chockstone line is cited as 5.2; one party felt the first moves out of the notch might be 5.7.
wa_azurite_peak_southeast	Class 3-4	Class 4	high	Standard route rated Class 3/4: sustained class 3+ near the top with short class 4 sections.
wa_bald_eagle_peak_scramble	Class 3-4	Class 3	medium	Easiest route is the North Ridge, class 3 scrambling (first ascent 1933, Ulrichs and Falkenburg).
wa_baldy_standard	Class 1-2	Class 2	medium	Easy ridge climbing to a false summit and on to the top; Mountaineers schedule it as a scramble (Technical 3 in their system).
wa_bear_mountain_chilliwack_north_buttress	5.10a	5.10	medium	Beckey-Fielding 1967 North Face Buttress (originally NCCS V, F8, A4) now climbed free at IV, 5.10, 7 pitches of class 5; no source found giving a letter grade.
wa_bearpaw_mountain_scramble	Class 2-3	Class 3	medium	Easiest route is a class 3 scramble from the southwest; the final ~100 m from Church Lake requires scrambling.
wa_bears_breast_mountain_se_mega_slab	Low 5th class	5.6	low	The slab itself is unrated easy friction ('only using our hands in a few spots'); the finish is via the summit block, which the two Mega Slab routes on Mountain Project and the SW Face reports grade 5.6. One party called its summit chimney 'pretty easy but exposed'.
wa_bedal_peak_standard	Class 3-4	Class 3	medium	East ridge is an easy Class 2-3 scramble; the crux is ~30 ft of exposed Class 2-3 slab; Mountaineers rate it Technical 4.
wa_berdeen_peak_scramble	Class 3-4	Class 4	medium	East side steep and mossy, mostly Class 3 with one or two Class 4 moves.
wa_big_chiwaukum_west_ridge	Class 2-3 blocky ledges	Class 3	high	Wildhorse Creek / west ridge route: Class 2-3 to Class 3, exposed scramble up blocky ledges to the summit pinnacle.
wa_big_four_mountain_northwest_ridge		Class 4	low	First ascent route (Farr and Winder, July 1931); no online source gives a class for the northwest ridge. The easiest route on the peak is class 3-4, so this ridge is at least that.
wa_big_snagtooth_west_ridge	5.7	5.8	medium	Summit block starts with an unprotectable 5.7-5.8 boulder move (often done with a shoulder stand)
wa_big_snow_mountain_north_slope_dingford_route	Class 2-3	Class 3	medium	Myrtle Lake route given as class 2-3 with route finding (another description: all class 2)
wa_black_peak_east_buttress	Class 3-4	Class 4	medium	East Buttress from Wing Lake: gully system with a series of Class 3 and 4 steps on fairly solid rock
wa_black_peak_northeast_ridge	Low 5th class	5.3	medium	MP: Easy 5th, Grade II; guides and TRs: II 5.3; one page 'Class 4 - 5.4'; consensus around 5.2-5.3
wa_south_ridge_3	4th class	Class 4	high	Mostly class 3 with exposed class 4 moves to reach the summit
wa_blackcap_mountain_scramble	Class 2-3	Class 3	medium	East/NE ridge scramble mostly class 3 with exposure on loose rock near the top; summit also described as class 2/3
wa_bonanza_peak_mary_green_glacier	4th class	Class 4	medium	Route rated Class 3 and 4: Class 3-4 rock right of the gully, Class 4 to the notch and along the loose crest
wa_bonanza_peak_north_ridge	Class 3-4	Class 4	medium	Overview describes the Mary Green Glacier standard route, rated Class 3-4
wa_bonanza_peak_northeast_buttress	5.7/5.8	5.7	medium	Climbed as part of the V 5.7/5.8 three-summit traverse; the NE Buttress itself 'in the 5.7 range' on or around the crest
wa_needle_peak_north_ridge	V 5.8	5.8	high	FA report: Northwest Ridge V 5.8, solid 5.8 on the last two pitches
wa_booker_mountain_northwest_route	Class 2-3	Class 3	low	Route on Booker from the Booker-Buckner col described as class 3 with tricky route finding; the col itself is steep hard snow
wa_boston_peak_southeast_face	5.0	Class 4	high	Standard route: mostly exposed class 3 with class 4 crux moves ~50 ft below the summit; 'steep, loose, exposed 4th class'
wa_bryant_peak_southeast_slopes	F	Class 3	medium	Scramble from Hemlock Pass up the SW side: exposed rock with good holds; summit block mostly class 2/3 on the path of least resistance
wa_buckhorn_marmot_pass	Class 2-3	Class 3	medium	Mostly class 2 with a bit of class 3; difficulty should never exceed Class 3
wa_buckner_mountain_north_face	AI2-3	AI2	medium	40-50 deg snow and ice, Grade II (some say III); neighbouring NE Face listed III AI2
wa_buckner_mountain_southwest_face	Class 2-3	Class 3	medium	Scree/talus chute on the SW face to the south ridge, then a short 3rd-class scramble to the summit; one guide service lists 'Class 4 rock' and steep snow
wa_burnt_boot_peak_north_ridge		5.0	low	No online source found; record describes three leads of low-to-mid class 5 granite then Class 3-4
wa_cadet_peak_ne_ridge	Class 3-4	Class 3	medium	Sloan-Cadet ridge traverse rated Class 3
wa_cannon_mountain_northeast_ridge	Class 3	Class 4	medium	NE ridge described as class 3, but a 2024 TR reports exposed class 3-4 with a class 4 crux around 5,200 ft
wa_cannon_mountain_south_slopes	Class 2	Class 3	high	Class 2 overall; summit is a ~15-ft steep exposed slab boulder needing an exposed class 3 move
wa_cardinal_peak_nw_couloir_north_ridge		5.0	low	Broad scree/talus NW couloir gains the north ridge; the true (south) summit block needs ~20 ft of 4th class/low 5th
wa_cardinal_peak_se_slopes	Class 3	5.0	medium	Middle summit is class 3; the higher south summit is a spire needing a short 4th class/low 5th pitch (~20 ft)
wa_carne_mountain_trail_route	F	Class 1	high	Carne Mountain Trail is YDS Class 1 to the broad summit
wa_cashmere_mountain_northeast_ridge	Class 3-4	Class 3	medium	Northeast Ridge listed as 3rd class alpine
wa_cashmere_mountain_se_route	Class 2-3	Class 3	medium	SE route offered as a shorter standard-route alternative finishing up a gully; class 3 with harder 3-4 options on climber's left
wa_cashmere_mountain_west_ridge	Class 3-4	Class 3	high	Standard route: upper west ridge 'pretty much 3rd class to the summit'; some descriptions say class 3 and 4
wa_north_face_left_buttress	5.10d	5.10+	medium	FA news: Fight or Flight, IV 5.10+, ~1,400 ft on the north face
wa_castle_peak_tatoosh_southeast_face	Easy 5th class	5.0	medium	MP: Southeast Face, Easy 5th; elsewhere a single low-fifth-class pitch, or listed Class 4
wa_cathedral_peak_southwest_route	Class 3	Class 4	high	Scramble with two minor Class 3+ bits and one Class 4 step-across over the summit chasm
wa_cathedral_rock_standard	4th class	Class 4	medium	Mountaineers: 2-3 pitch Class 4; guidebook class 4, one write-up says it feels like low 5th and most parties rope one pitch.
wa_chair_peak_north_face	5.4	AI2	high	MP: AI2 Steep Snow, 4 pitches; Alpine Institute: Grade II, mostly 50-65 degrees with one short ~80 degree step.
wa_chalangin_peak_southwest_face	4th class	Class 4	medium	From the 5500 ft cirque the rock face needs one or two 4th class moves; ridge to summit called 4th class.
wa_chelan_butte_chelan_butte_trail		Class 1	high	A dirt road and trail lead to the tower-topped summit; a walk-up.
wa_chianti_spire_east_face	5.10b	5.10	medium	MP: East Face / Rebel Yell 5.10, 6 pitches, Grade III; trip report also gives 5.10.
wa_chikamin_peak_southeast_slopes	F	Class 3	high	Glacier Lake route: mostly class 2 with a class 3 chimney to the summit.
wa_chiwawa_mountain_southwest	5.0	Class 3	medium	SW/south side reports: class 2 up to mediocre class 3 rock on the south ridge; one moderately exposed class 3 step; none report 5th class.
wa_cloudy_peak_southwest_slopes	F	Class 4	medium	Easy to the summit block; a couple of class 4 moves needed to top it (class 3-4 pitches some parties rope).
wa_colchuck_balanced_rock_col_east_lake_side_approch	3rd class	Class 3	high	MP lists it as 3rd class.
wa_leche_la_vaca	5.10a/b	5.10b	high	MP: 5.10a/b, 5 pitches; top of range is 5.10b.
wa_colchuck_peak_east_ridge	3rd class	Class 3	medium	Easiest route on Colchuck is class 3 from the Colchuck col; no source documents a separate 'East Ridge'.
wa_colchuck_peak_north_buttress_couloir	5.5	5.0	medium	MP: Steep Snow, 'a couple low class 5 moves to the top'; Mountaineers: Grade II, snow to 45 degrees, Class 3-4 or easy Class 5 where it joins the North Buttress.
wa_colchuck_peak_northeast_couloir	AI2-3	AI3	medium	MP: Snow, Grade II, steep snow to 60+ degrees; SummitPost rates it AI2-3; conditions range from a snow climb to thin ice and mixed.
wa_colfax_peak_kimchi_suicide_volcano	M5	AI4+	medium	FA: M5 R AI4+, about 1000 ft (Haley-Hart 2015).
wa_colonial_peak_west_ridge	5.0	Class 3	medium	Easiest route is the West Ridge: glacier/snow climb and a class 3 scramble; a report found no class 4 moves.
wa_columbia_peak_scramble	Class 3-4	Class 4	medium	Steep class 3 with a couple of short (10-15 ft) class 4 ledges; one ledge can be bypassed on steep snow.
wa_copper_peak_south_route	Class 3-4	Class 4	medium	SE Glacier route: a class 3-4 gully to a notch on the NE ridge, then mostly class 3 to the summit.
wa_corteo_peak_southwest_ridge	Class 3	Class 4	medium	Exposed class 3 with a few class 4 moves.
wa_courtney_peak_scramble	Class 2-3	Class 2	high	Easiest route is the Southeast Ridge, class 2 (narrow but only class 2).
wa_crooked_thumb_peak_east_face	Class 3-4	Class 4	medium	AAC: one new east-face route goes straight up from the glacier at class 3-4.
wa_wright_pond	5.11a/b	5.11b	high	MP: 5.11a/b PG13; top of range is 5.11b.
wa_cutthroat_peak_cauthorn_wilson_couloir	5.8	WI4	high	MP: III WI4, 7 pitches; WI3-3+ then sustained WI4 crux; upper mixed pitches 'go at 5.4 in the summer'.
wa_cutthroat_peak_southeast_buttress	5.6	5.8	medium	Mountaineers route page (via search): Cutthroat Peak/Southeast Buttress, Grade III 5.8; twin gullies to notch, 'Tarzan Jump', mixed 3rd-5th class to summit.
wa_dark_peak_dark_glacier_route		Class 3	medium	Basic glacier climb on crevassed Dark Glacier, then exposed loose Class 2-3 scramble to summit; Class 2-3 forested slopes below.
wa_davis_peak_nc_south_slope_and_ridge	Class 4	Class 3	medium	Gorge Creek south buttress/ridge reports: 'reasonable Class 2-3 scrambling, except for some slime-coated rock slabs near the top'; rope carried but not used; run by Mountaineers as an alpine scramble.
wa_del_campo_peak_standard	4th class	Class 3	medium	Wikipedia: easiest route class 3; SummitPost log entries: nothing beyond class 3 on the right line, class 4 if off-route; WTA 'Class 3 or 4'.
wa_devore_peak_west_ridge	5.0	Class 4	medium	SummitPost: from the ~7,500 ft col on the SE ridge scramble to summit (Class 3-4); both main routes are Class 4. One trip report belayed a short 'Class 5.0' first pitch of the summit block.
wa_dome_peak_dome_glacier	Class 3-4	Class 3	medium	Abegg: Dome Glacier route '3rd Class'; SummitPost: 35-degree glacier and a few third class moves; Mountaineers: Basic Glacier Climb, Technical 2, exposed summit rock arete some parties belay.
wa_dome_peak_indian_summer	5.10-	5.10	medium	FA trip report title: Dome Peak S. Face - Indian Summer (III 5.10), FA 9/2/2011; 8 pitches, ~1000 ft.
wa_dot_mountain_scramble	Class 3	Class 2	medium	Climber Kyle: 'Dot Mountain was an easy walkup'; the Class 3 (and bypassable Class 4) scrambling reported is on the Dot-Lago ridge traverse, not Dot's own summit.
wa_dragontail_peak_east_ridge_aasgard_pass	Class 2-3	Class 3	high	MP: East ridge 3rd; SummitPost: Aasgard Pass, Snow Creek Glacier (~30 deg), then easy class 3 scramble to summit.
wa_dragontail_peak_r1	AI1-2	Class 3	low	Hidden Couloir is the first couloir of Triple Couloirs: ~800 ft of 40-50 degree snow and ice; no separate ice grade found (Triple Couloirs overall WI3 M3, its crux is above this couloir).
wa_dragontail_peak_r2	5.7	WI3+	medium	MP: Gerber-Sink 5.7 WI3+ M4 Steep Snow; summer mostly 4th/low 5th with a couple of 5.7 cruxes, winter WI3-4 ~M4.
wa_dragontail_peak_r3	5.6	Class 3	medium	Pandora's Box: short steep snow couloir to ~45 degrees from Colchuck Col, crampons needed, no fall zone; then scramble.
wa_dragontail_peak_r4	5.8	WI3	high	MP: Triple Couloirs WI3 M3 Steep Snow R, Grade IV, ~2,500 ft.
wa_dumbell_mountain_west	5.0	Class 3	medium	SummitPost: easiest route Southwest Face Class 3; West Route exposed Class 3 scrambling with Class 3 all-hands moves near the summit.
wa_earl_peak_standup_creek_route	Class 2-3	Class 2	medium	Standup Creek joins the same upper ridge; summit described as a moderate class 2 scramble.
wa_east_twin_needle_thread_of_ice	5.7	AI3	high	FA (Abegg/Wallace 2009): III AI3, 1200 ft couloir, 40 degrees steepening to ~60 at the top, ending with a bit of 5.7 rock.
wa_elephant_butte_standard_route	Class 3	Class 4	medium	Trip report: final cliff band 'described as class 4' (easy chimney moves), and one party used a short low-5th (5.3) step on the headwall; SummitPost mentions short class 3 rock steps.
wa_enchantment_peak_east_ridge	Class 2-3	Class 3	high	Standard route east ridge from Prusik Pass: walk-up with ~15 ft of 3rd class to the NE summit; one report calls the block Class 4.
wa_enchantment_peak_southwest_scramble	Class 2-3	Class 3	medium	Wikipedia: easiest route class 2 scrambling; record and trip reports describe a short loose 3rd-class gully below the summit; top of Class 2-3.
wa_hozomeen_mountain_northeast_buttress	Class 3-4	Class 4	high	Northeast Buttress of North Peak listed class 3-4; North Peak's easiest line is the class 4 NE face; Mountaineers rate it a Basic Alpine Climb.
wa_hozomeen_mountain_southeast_face	Class 4 / low 5th	5.6	medium	South Peak standard ('least committing', per the Cascade Alpine Guide) route from Hozomeen Lake: Class 3-4 scrambling and a chimney, with a short 5.6 wall below the summit as the crux.
wa_hozomeen_mountain_southwest_buttress	5.7-5.10a	5.10a	medium	Southwest Buttress (Culbert/Purdey 1968): Grade IV, class 5.7-5.10a, hard to protect, very few ascents.
wa_huckleberry_mountain_east_ridge	Low 5th class	5.3	medium	MP: East Ridge 'Easy 5th'; trip report: Class 3-4 ridge then about 10 ft of 'probably Class 5.3' dihedral on the upper east face.
wa_huckleberry_mountain_west_route	Class 4	5.6	high	Mountain Project: West Face 5.6 (2001), technically harder than the East Ridge; the record's own rock_grade and breakdown also say 5.6.
wa_hurry_up_peak_south_ridge	Class 2-3	Class 3	medium	Easiest route on Hurry-up Peak is class 3 scrambling.
wa_icy_peak_ruth_icy_traverse	4th class	Class 4	high	Ruth-Icy via the Icy Glacier and the SE peak's NW ridge: steep, loose, exposed, with a Class 4 knife-edge summit ridge; SummitPost rates the route Class 4.
wa_indian_head_peak_southwest_slopes	Class 2-3	Class 3	medium	Easiest route class 2, with a few short Class 3 sections near the summit.
wa_inner_constance_northwest_buttress	III	5.0	low	No published grade for the 1983 original line was found; MP describes the shared upper buttress as class 4-low fifth, and the record's breakdown says 'Low 5th'.
wa_ives_peak_r1	Class 2-3	Class 3	medium	The traverse from the Old Snowy col is mostly class 2, with a few class 3 sections depending on conditions.
wa_jack_mountain_nohokomeen_headwall		Class 3	medium	A crevassed glacier, then about 700 ft of headwall snow up to 60°; no ice grade is published.
wa_jack_mountain_northeast_glacier		Class 3	low	Northeast Glacier (Beckey party, 1978) is listed without a grade; the AAJ describes a badly broken north-side glacier where objective danger forced the party onto a ridge to the right.
wa_johannesburg_mountain_cj_couloir	3rd-4th class	Class 4	medium	CJ Couloir (a long snow couloir, icy late season) to the East Ridge, then up to about 1,000 ft of 3rd-4th class rock and heather to the summit.
wa_johannesburg_mountain_northeast_rib_1951_route	5.6-5.7	5.7	medium	The NE Rib is usually done via the 1957 start at V 5.6; the 1951 start is less direct and 'has a scary 5.7 pitch'.
wa_clean_break	5.10b/c	5.10c	high	Clean Break IV 5.10b/c, 15 pitches; the pitch-1 splitter is the 5.10c crux.
wa_kimtah_peak_scramble	Class 3-4	Class 4	medium	South-face route is Class 2+ overall, but the final 250 ft 'will certainly involve some class 4' up one of the ribs or gullies.
wa_klawatti_peak_north_ridge	Class 3	Class 4	low	From the Klawatti-Austera col, Class 3 scrambling leads to The Smokestack, which is bypassed; the record says Class 4 in spots.
wa_kololo_peaks_standard	Class 2-3	Class 2	medium	Kololo Peaks are Class 2 climbs; the White Chuck Glacier route passes a couple of minor Class 2+ cliff bands; the difficulty is glacier travel and approach.
wa_kyes_peak_glaciated_scramble	Class 3-4	Class 4	medium	Columbia Glacier route: about 50 ft of loose class 3+ exiting the glacier, a summit block with moat-stemming and some exposed 4th class; other accounts call the final section exposed class 3.
wa_la_bohn_peak_southwest_slopes	F	Class 2	medium	East Ridge from La Bohn Gap is a Class 2 route, listed as the easiest on the peak.
wa_lake_mountain_pasayten_scramble	Class 2-3	Class 2	medium	Lake Mountain is a class 2 scramble with route finding (no single move needs hands); several gullies of similar difficulty.
wa_classic_route_3	4th class	Class 4	high	Mountain Project: Classic Route 4th class; the easiest route on Lane is class 4 scrambling (steep upper class 3 with a 4th-class finish).
wa_lane_peak_r2	WI2 / AI1	AI1	medium	Mountain Project lists The Fly as 'Mod. Snow', the easiest of the three couloirs; the record's breakdown has AI1 with one WI2-/AI1+ step.
wa_spontaneous_distraction	5.10a	5.10b	medium	Mountain Project: Spontaneous Distraction 5.10a/b, 4 pitches.
wa_lemah_two_goatshead_spire		5.0	low	Goatshead Spire (Goodman/Mason, 1982) is listed with no grade; MP notes that Lemah's summits all have class 4-low 5th routes.
wa_liberty_bell_sidewinder	5.9	5.9+	high	MP: Sidewinder (Southwest Corner) 5.9+, Grade II, 5 pitches; P3a wide flaring crack is the crux.
wa_liberty_cap_liberty_ridge_finish	AI2-3	AI3	medium	MP: Liberty Ridge Grade IV, AI2-3 steep snow; crux is the steep ice above Thumb Rock / Black Pyramid.
wa_lichtenberg_mountain_southeast_ridge	Class 2-3 rock	Class 3	medium	Described as a rock scramble via the Southeast Ridge to the Lichtenhorn; the craggy west summit is reported as Class 3.
wa_lichtenberg_mountain_west_face_west_rib	Class 3	Class 4	low	Only a trip-report entry (rock climb via West Face-West Rib) found, with no rating; the spire's wrap-around is reported elsewhere as loose Class 3.
wa_little_annapurna_south_face	5.6	5.5	medium	SummitPost route page and Lemke both title it 'South Face 5.5', 3 pitches (5.4, 5.5, Class 3); one TR mentions 5.6.
wa_little_big_chief_mountain_northeast_face	3rd-4th class	Class 4	medium	Easiest route is the Northeast Face, Class 3-4 scrambling; record notes short belayed 3rd-4th class pitches.
wa_frying_pan_whitman_glaciers	Class 2-4	Class 3	medium	MP: 3rd, Mod. Snow; TRs give 400-800 ft of Class 2-3 rock and a short exposed Class 3 summit block. One TR calls the ramp Class 3-4.
wa_little_tahoma_cowlitz_ingraham_glaciers	Low 5th class	Class 3	medium	MP: Cowlitz/Ingraham Glaciers 3rd, Steep Snow. The Mountaineers' South Face variant instead climbs several pitches of Class 4-low 5th rock.
wa_little_tahoma_east_shoulder	Class 2-4	Class 3	medium	Standard Fryingpan/Whitman (East Shoulder) route: MP 3rd, Mod. Snow; short exposed Class 3 summit block.
wa_luahna_peak_southwest_slope_southeast_ridge		Class 3	medium	TR: easy Class 2 ledges to the ridge, an exposed Class 3+ traverse beneath the summit, and a final Class 3 scramble.
wa_south_ridge_2	Class 4	Class 3	medium	From Luna Col the broad south ridge is Class 2 talus to the false summit; the traverse to the true summit is Class 3 and the crux.
wa_the_tiger	5.12b	5.12	medium	MP: 5.12 Grade IV, 11 pitches, crux P7 roof 5.12-; the FA's blog titles it 5.12b.
wa_magic_mountain_northeast_couloir	Steep snow	Class 3	low	Banana (NE) Couloir: 2,000 ft of 40-45 degree snow below, 45-50 above, 50 degrees at the very top; booted, with no ice grade.
wa_magic_mountain_south_ridge	Class 3-4	Class 4	medium	South Ridge rated Class 3-4: an easy heather ridge to the false summit, then Class 3-4 broken ledges that corkscrew the summit's east side.
wa_magic_mountain_southwest_cirque	Class 3-4	Class 4	low	No route-specific rating found beyond the record's Class 3-4 heather gullies; the neighbouring routes to the same summit are Class 3-4 and Class 4.
wa_eldorado_peak_east_ridge	Class 3	Class 2	high	MP: East Ridge 'Easy Snow'; easiest route Class 2; Mountaineers rate it a Basic Glacier Climb. The crux is the exposed snow knife-edge.
wa_eldorado_peak_eldorado_glacier_nw	WI2-3	AI3	medium	MP: Northwest Ice Couloir AI2-3 Steep Snow; a fall TR calls it WI3 in lean conditions.
wa_baring_mountain_south_route	Class 3-4	Class 3	medium	SummitPost: the standard (only non-technical) route to the main summit is easy class 3; a trip report calls the crux class 2/3; no source gives class 4.
wa_martin_peak_west_ridge	Class 3-4	Class 4	high	SummitPost: West Ridge is the standard Class 4 route; trip report: exposed Class 4 gully ~100 ft below the summit.
wa_mcclellan_peak_southwest_scramble	3rd-4th class	Class 3	medium	West side of the summit block: a couple of class 3 slab moves and one steep move; an easier class 3 gully on the SE side; harder 4th/5th lines are optional.
wa_mcmillan_spire_west_west_ridge	4th class	Class 4	high	Mountain Project: 4th class, Grade II, Easy Snow; a mellow 3rd-4th class scramble to the exposed summit block after the Terror Glacier snow gully.
wa_mesahchie_peak_west_ridge	Class 3	Class 4	medium	The gully to the west ridge starts with steep class 3/4 climbing; reports say the upper 250 ft will 'certainly involve some class 4'; then an exposed ridge crest.
wa_sw_ridge		5.0	low	Only description found: ~5 short pitches of loose blocky climbing, finishing with 'wonderful easy climbing up cracks and knobs'; no number given anywhere.
wa_mix_up_peak_east_face	5.0	5.3	medium	SummitPost gives 5.3; Mountaineers: 3rd/4th class with a short mid-5th pitch to the summit-ridge notch; Mountain Project: Easy 5th, 2 pitches.
wa_monte_cristo_peak_scramble	Class 3	5.6	high	Easiest (North Col) route: steep snow and a 5.6 chimney (now bolted) to the summit, then a ramp and Class 3 (some avoidable Class 4).
wa_morning_star_peak_standard	Class 2-3	Class 3	medium	The easiest route is class 3 scrambling; none of its routes are technical, plus ~45 degree snow in season.
wa_mount_adams_adams_glacier	AI2-3	AI3	high	Mountain Project: AI2-3 Steep Snow, Grade III, 4,700 ft; moderate snow/ice with short, steeper icefall sections that may need a belay.
wa_mount_adams_lava_glacier_headwall	Grade III	Class 3	medium	The Lava Glacier route reaches ~45 degrees on the upper headwall, Grade III; Mountain Project grades the Lava Glacier 'Mod. Snow'. No ice grade given.
wa_mount_adams_lyman_glacier	AI1-2	Class 3	medium	Mountain Project: Mod. Snow; moderate-to-steep snow and sometimes alpine ice, mostly simul-climbed on pickets; the crux chute near 10,000 ft is 45-65 degrees for ~50 ft.
wa_mount_adams_mazama_glacier_headwall	II	Class 3	medium	Mountain Project: 'Steep Snow'; a 40 degree glacier, then a 45 degree headwall; an optional 40-ft 60-70 degree snow/ice step below Piker's Peak.
wa_mount_adams_north_ridge	II	Class 3	medium	Mountain Project: North Ridge 'Mod. Snow'; Grade II+, snow to ~40-50 degrees, with loose class 2-3 rock on the cleaver.
wa_mount_adams_northwest_ridge	AI1-2	AI2	high	Mountain Project: North Ridge (West Face) AI1-2 Steep Snow.
wa_mount_adams_south_climb	F	Class 2	high	Mountain Project: South Spur 'Easy Snow'; the relatively easy, non-technical standard route.
wa_mount_anderson_eel_glacier	3rd class	Class 3	high	The standard Eel Glacier route is a Grade I, Class 3 glacier climb: a steep snow finger to Flypaper Pass, then Class 3 (3+ near the top) rock to the East Peak.
wa_mount_ann_scramble	Class 2-3	Class 3	medium	Mountaineers alpine scramble: technical difficulty 3; scramble the ridge west from Mount Annette's south ridge to the summit.
wa_mount_baker_boulder_glacier	AD	Class 2	high	SummitPost: a moderate 5,200 ft crevassed glacier climb with a bergschrund to cross, Grade III; no rock or ice grade.
wa_mount_baker_boulder_park_cleaver	3rd class	Class 3	high	Mountain Project: 'Mod. Snow', not technically difficult; the solid, well-featured rock section is 3rd class with a fixed hand line.
wa_mount_baker_cockscomb_ridge	4th class	AI3	medium	Mountain Project: Cockscomb Ridge T 4th, AI2-3 PG13. No 5th-class rock; the graded crux is AI2-3 ice.
wa_mount_baker_coleman_deming	PD	Class 2	high	Mountain Project: Coleman/Deming Glacier 'Mod. Snow'; a non-technical glacier route finishing on the Roman Wall (~35-40 degrees).
wa_mount_baker_easton_glacier	Grade II	Class 2	high	Mountain Project: Easton Glacier 'Easy Snow'; a broad, moderate glacier climb finishing on the Roman Wall.
wa_mount_baker_squak_glacier	Grade III	Class 2	high	Mountain Project: Squak Glacier 'Easy Snow'; steady snow slopes on the south side up to ~35-40 degrees.
wa_mount_barnes_scramble	Class 2-3	Class 2	medium	Wikipedia: the easiest route is class 2 scrambling; the record's own breakdown is Class 2 throughout.
wa_mount_blum_north_ridge	5.8-5.9 R	5.9	high	SummitPost: North Ridge 5.9, Grade III; ~150 m of 5.8-5.9 R climbing on compact granite to gain the crest.
wa_mount_cameron_standard	Class 2-3	Class 2	medium	Wikipedia: the easiest route is class 2; a long gradual ridge, mostly class 1-2 over false summits; class 3-4 only if staying on the crest toward the Middle Peak.
wa_mount_challenger_challenger_glacier	5.5-5.7	5.5	high	Mountain Project: Challenger Glacier 5.5 Mod. Snow, Grade II; the final summit rock is one pitch of 5.5 (others call it 5.6, or 5.7 in Selected Climbs).
wa_mount_chaval_scramble	Class 2-3	Class 3	medium	West Route: a large ramp up the face to the summit ridge, Class 2-3; a west-ridge rock band variant needs a few Class 3-4 moves, plus a steep exposed snowfield near the top.
wa_mount_clark_standard	Class 3-4	Class 4	medium	Corkscrew route from the Clark-Johnson col on ledges around the S and E sides, finishing with an exposed class 3/4 slot up the north side of the summit block; usually a 60-ft rappel to descend.
wa_mount_claywood_standard	Class 2-3	Class 3	medium	The easiest route is class 2 via the Hayden Pass trail, with a brief stretch of Class 3 scrambling on the west side of the summit.
wa_mount_constance_finger_traverse	5.0	Class 4	medium	The Olympic Mountains climbing guide rates the Finger Traverse 3rd class (a finger crack along a downsloping ledge, often roped); the route to the summit then needs a couple of 4th class moves on the summit block.
wa_mount_constance_north_chimney	Class 3	Class 4	medium	The South Chute standard route is rated Class 3, Grade II, but sources note a couple of required 4th class moves on the summit block after exposed 3rd class scrambling.
wa_mount_constance_north_chute	Class 3	Class 4	medium	The North Chute is rated Class 3+, Grade II; it rejoins the standard route, whose summit block needs a couple of 4th class moves.
wa_mount_constance_terrible_traverse	Class 3-4	Class 4	medium	The Terrible Traverse is a 3rd class, steep exposed snow traverse above a cliff on the standard route; the summit block beyond needs a couple of 4th class moves.
wa_mount_constance_west_arete	5.4	5.5	medium	SummitPost and an NWHikers trip report: West Arete YDS 5.5, Grade III; Mountaineers lists it as Grade III 5.4. Mostly 4th and low 5th, ~1,100 ft.
wa_mount_crowder_northeast_ridge		5.0	low	Abegg (descent): grassy 3rd class ledges with occasional 4th class moves and one or two short 5th class downclimbing moves; no number given.
wa_flora_mountain_southwest_slope	Class 2-3	Class 2	medium	SW side described as a talus boulder hop; easiest of Tupshin/Devore/Flora, no climbing gear.
wa_foggy_peak_scramble	Class 3-4	Class 4	medium	Beckey rates it class 4 (gully access); careful route choice keeps the summit scramble at class 3.
wa_fortress_mountain_east_ridge	Class 3-4	Class 4	medium	4th-class route down the east side toward Chiwawa; the ridge has a 4th-class chimney.
wa_fortress_mountain_southwest_face	Class 2-3	Class 3	medium	Southwest slope is low-angle class 2/3; no harder than class 2-3 on the easiest line.
wa_fortune_peak_east_slope		Class 2	medium	From Headlight Basin one can hike east of the summit and scramble straight up to the ridge and summit; peak is a class 2 scramble.
wa_fortune_peak_standard_route		Class 2	medium	Common route: Lake Ann trail to the ridge, then class 2 scramble; one trip report found a class 3/4 approach to the saddle off the usual line.
wa_four_brothers_southwest_route	Class 3	Class 2	medium	Easiest route: class 2 southwest slope.
wa_gardner_mountain_west_ridge	Class 2-3	Class 3	medium	Southern routes Class 2 (2+); western Gardner Traverse Class 3-4 depending on line.
wa_gilbert_peak_conrad_glacier	3rd/4th class	Class 3	medium	Conrad route joins the Meade Glacier finish, which MP grades 3rd class with Easy Snow.
wa_gilbert_peak_meade_glacier	3rd class	Class 3	high	MP: Meade Glacier, 3rd class, Easy Snow.
wa_gilbert_peak_west_route	4th class	Class 4	high	MP: West Route, 4th class, R, lots of loose rock.
wa_glacier_peak_frostbite_ridge	Class 3-4	AI2	high	MP: 4th, AI1-2, Grade II; final ~200 ft of AI2 ice is the crux.
wa_glacier_peak_kennedy_glacier	Low-angle alpine ice	Class 3	low	Upper headwall ~40-45 degree snow, often icy (about 180 ft); no ice grade published for the Kennedy route.
wa_glacier_peak_sitkum_glacier	III	Class 2	high	MP: Easy Snow, axe and crampons; summit reached by a snow chute; no technical crux.
wa_painted_traverse	Mostly class 2-3 ridge	Class 4	high	Many class 3/4 scrambles; class 4 on Black Mountain.
wa_goat_mountain_east_peak	Class 2-3	Class 2	medium	East Peak reached by an easy Class 2 gully; not technically difficult, but steep slippery heather.
wa_golden_horn_east_face	5.10+ R	5.10+	high	FA party: 5.10+ R, 11 pitches; crux pitch 4 is 5.10 R; MP area page says 5.10 R.
wa_golden_horn_southwest_route	Low 5th class	5.0	medium	MP: Easy 5th; trip reports describe ~15 ft of 5.0 on the summit block.
wa_gray_wolf_ridge_se_slopes	Class 2-3	Class 2	medium	Easiest route to the high point is class 2.
wa_grotto_mountain_e_route	F	Class 4	medium	Final approach is a class 4 scramble up a knife-edge ridge with a couple of class 4 moves.
wa_gunn_peak_southeast_route	Class 2-4	Class 4	medium	Short class-4-ish section at the Hidden Ramp; otherwise class 2-3.
wa_guye_peak_improbable_traverse	5.8 R	5.8	medium	MP: III 5.8 (traverse pitch); since the Nov 2021 rockfall the traverse is 5.9-5.10- downclimbing with poor protection and is not recommended.
wa_guye_peak_r1	Low 5th	5.0	medium	Crux is ~30 ft of low 5th class, then class 4; no number cited.
wa_guye_peak_southeast_gully	II	Class 3	medium	MP: Grade II, Mod. Snow, 45 degrees steepening to 70; picket and running belays.
wa_south_gully_south_spur	Easy 5th	5.0	medium	MP summer/fall route: Easy 5th, Grade II; MP winter version: AI1-2 M2+ Mod. Snow.
wa_south_rib	Easy 5th	5.0	medium	MP: Easy 5th, Grade II, 5 pitches; one photo caption calls an avoidable first-pitch move 5.7.
wa_hadley_peak_cougar_divide		Class 3	medium	Both approaches share Chowder Ridge; the summit needs hard class 3 scrambling.
wa_hadley_peak_skyline_divide		Class 3	medium	Ridge walk with class 2 sections; hard class 3 to the summit.
wa_hagan_mountain_south	Class 2-3	Class 3	high	Easiest route: class 3 scramble with glacier travel; slabs on the south side to the summit.
wa_helmet_butte_standard_route		Class 3	high	Principally Class 2 from the south with a short, low-exposure class 3 summit block.
wa_hoodoo_peak_sawtooth_scramble	Class 2-3	Class 3	medium	Class 2 boulder scramble along the summit ridge; listed class 2/3.
wa_hozomeen_mountain_north_peak_north_route	Class 3-4	Class 4	medium	North Ridge-North Cirque-NE Ridge: mostly class 2-3 with a short, very exposed class 4 segment; easiest route on the peak class 4.
wa_hozomeen_mountain_north_peak_south_ridge	Class 3-4	Class 4	low	North Peak easiest routes rated class 4 snow/rock scramble; no source found for this South Ridge line specifically.
wa_honeymoon_route	3rd class	Class 3	high	Honeymoon Route rated Grade I, class 3 ('feels harder'); ~45 degree snow gully early season.
wa_mount_despair_east_route	Class 4	5.0	medium	Trip report: Class 4-5 scrambling, two short roped pitches, crux a 'Class 5.0 dihedral' at the summit (the guidebook calls it Class 3).
wa_mount_duckabush_standard	Class 2-3	Class 3	medium	Climbers Guide to the Olympic Mountains: Mount Duckabush routes Grade I, Class 3.
wa_mount_ferry_standard	Class 2-3	Class 2	medium	Easiest route listed as class 2; trip reports note a loose, sharp rocky summit but no ropes needed.
wa_mount_formidable_south_face	Class 3-4	Class 4	medium	Rated Class 3 to 3+ (Wikipedia/trip report) and Class 4 (WTA); the 'hidden gully' option has some 5th-class moves at the top, the ledge option is 3+.
wa_mount_fricaba_standard	Class 2-3	Class 2	medium	Easiest route is a class 2 scramble; described as a fairly easy scramble via the N or SW ridge.
wa_mount_fury_east_southeast_glaciers	5.0	Class 4	medium	Trip report: a Class 2-3 ridge with a short Class 3-4 rock step, then 40-50 degree snow on the Southeast Glacier; the guide service calls it technically straightforward.
wa_mount_fury_east_mongo_ridge	5.10a	5.10	medium	FA account: one 5.10 pitch, and a 5.11 headwall on the Pole of Remoteness bypassed at 5.7; the second ascent found mostly up to 5.9 (5.10b off route), Grade VI.
wa_goode_mountain_southwest_couloir	5.4	5.0	medium	Mountain Project: Mod. Snow couloir (40-50 degrees) finishing with a low 5th class move; trip report: a short low-5th pitch, then Class 3/4.
wa_mount_hardy_snow_scramble	Class 2-3	Class 3	high	Southeast slope: several hundred feet of Class 2-3 scrambling to a blocky summit; easiest route Class 3.
wa_mount_herman_standard_scramble	F	Class 3	medium	South ridge from Herman Saddle: an easy scramble with one or two class 3 moves on blocky steps.
wa_mount_hinman_hinman_glacier	Class 2	Class 3	medium	A mostly Class 2 ridge with a sprinkling of Class 3; the Hinman Glacier is essentially gone.
wa_mount_howard_south_slope	Class 2-3	Class 3	medium	South slope from Crescent Lake: nothing more than Class 2-3; optional Class 3-4 if sought.
wa_mount_johnson_standard	Class 3-4	Class 4	high	Easiest route listed as a Class 4 scramble, steep and exposed.
wa_mount_la_crosse_scramble	Class 2-3	Class 2	medium	Easiest route listed as Class 2 scrambling.
wa_mount_lago_south_slope_south_face	Class 2-3	Class 3	high	South slopes Class 2-3; Class 3 for the summit block.
wa_mount_larrabee_south_ridge	Class 3-4	Class 3	medium	From High Pass it is easy Class 3 scrambling; the Southwest route is Class 3 loose rock and scree.
wa_mount_lawson_standard	Class 3	Class 2	medium	Easiest route listed as class 2.
wa_mount_lincoln_standard	Class 3-4	Class 4	medium	Guide lists South Ridge Class 2 and Flapjack/North Ridge Class 3; recent trip reports find the summit block Class 3+ with a Class 4 spot or two; the chockstone gully is low 5th and avoidable.
wa_mount_logan_fremont_glacier	4th class	Class 4	high	Standard route: long approach, glacier travel, Class 4 scramble at the end; summit ridge Class 2-4, some may belay.
wa_mount_logan_r1	Class 3-4	Class 4	high	Some Class 4 climbing required to reach the small summit; ~300 ft of 3rd-4th class scrambling.
wa_mount_logan_r2	Class 3-4	Class 4	high	Mountaineers rate it Grade II, Class 4; 3rd-4th class summit block; one source notes a hard-to-protect 4th to low 5th gully to reach the slabs below the glacier.
wa_mount_lyall_south_route	PD	Class 4	medium	Trip report: exposed Class 3 gully up the SW side with at least one Class 4 move to the north ridge and another to gain the summit.
wa_mount_mastiff_south_route	F	Class 3	medium	Mountaineers: SE Ridge scramble, Technical 3; trip reports say mostly Class 2-3.
wa_mount_maude_r2	4th class to low 5th class	AI3	medium	Mountain Project: AI2-3 Steep Snow PG13, Grade III; finishes on moderate low-5th rock.
wa_mount_maude_r3	Class 3-4	Class 4	medium	Mountain Project lists Nothing Couloir as 4th class.
wa_mount_mccausland_n_route	F	Class 2	high	Steep boot path that briefly turns into a Class 2 scramble.
wa_mount_meany_standard	5.2	5.0	medium	Trip reports: roped summit pitch was 'low Class 5'; another calls it a ~20 ft Class 4/5.0 step; the Olympic guide calls it Class 3 but it is ~15 ft near-vertical.
wa_mount_mystery_standard	Class 3-4	Class 4	high	Deception Creek route is Class 3 with a couple of Class 4 sections in the solid rock gully near the top.
wa_mount_noyes_standard	Class 2-3	Class 3	medium	Easiest route Class 2+ via the Noyes-Meany col; trip reports describe loose Class 3 to the top.
wa_mount_olson_standard	Class 2-3	Class 3	high	Climber's guide: Grade II, Class 3; trip report: steep 55-60 degree meadow needing all fours.
wa_mount_olympus_blue_glacier	5.3-5.4	5.4	high	Mountain Project lists 5.3 Mod Snow, Grade II overall, with the usual summit-block option a 5.4 pitch on the north side; the loose NW-side alternative is Class 4.
wa_olympus_traverse	5.4-5.6	5.4	medium	Traverse climbs the West Peak by the standard summit block (Class 4 ramps with a Class 5 step, or the 5.4 north side), then Class 3-4 over the Middle and East peaks.
wa_mount_pershing_standard	Class 3-4	Class 4	high	Trip report: 45-50 degree snow then a short loose Class 4 rock pitch, a knife edge with a Class 3/4 move; the guide lists a Class 3 basin route and a Class 4 couloir route from Jefferson Creek.
wa_mount_persis_west_ridge		Class 2	medium	Steep, brushy climbers' path the whole way to the summit; described as physically hard but simple, with no rock difficulty.
wa_mount_pilchuck_east_ridge		Class 3	low	Mountaineers: to Bathtub Lakes Technical 2; on to the summit Technical 3 (steep gully and talus).
wa_mount_pilchuck_standard_route		Class 2	medium	Maintained hiking trail ending in a boulder field and a short boulder scramble plus ladder to the lookout.
wa_mount_price_hester_lake_route		Class 3	high	SummitPost: Class 3; from the lake traverse to the saddle NW of Little Hester Lake, scramble mossy boulders, follow the ridge south to the summit.
wa_mount_price_north_route	F	Class 3	medium	North-ridge finish is rated Class 3.
wa_mount_prophet_southwest_rib	Class 3-4	Class 4	high	At 5,450 ft a ledge with two Class 4 chimneys/aretes leads into the SW cirque; crux moves are Class 4.
wa_mount_pugh_pika_slab	5.0 R	5.0	medium	Mountain Project lists Pika Slab, 5.0, on the crag immediately above the summit trail.
wa_mount_rahm_south_side	Class 4-5	Class 4	medium	SummitPost: Class 2/3 with a short bit of Class 4; the hidden gully through the 7,700 ft cliff band has ~40 ft of Class 4/5, and a longer gully to the right is Class 3.
wa_mount_rainier_curtis_ridge	4th class	AI2	medium	Mountain Project: 4th, AI2 Steep Snow, Grade IV; rock steps are 4th class, original aid lines (A2/5.5) are historical variants.
wa_washington_ellinor_traverse_ridge	Easy 5th class	5.0	medium	MP rates it Easy 5th; trip reports call it hard Class 4 with avoidable low-5th moves; no number cited anywhere
wa_mount_watson_scramble	Class 2-3	Class 3	medium	SummitPost: main route Class 3 from the col; final move Class 2-3 with an airy top
wa_needle_peak_south_route	PD-	Class 4	medium	North ridge: mostly Class 3 with isolated Class 4 through cliff bands 7300-7400 ft; no source gives a 5th-class move
wa_the_west_face	5.11-	5.11a	high	West Face (Beckey-Beckstead) 5.11a III, 6 pitches; freed 1985
wa_tower_arete	4th class	Class 4	high	MP: Tower Arete 4th class; follows the North Tower ridge avoiding its 5.8 pitches
wa_mount_index_north_face	5.6	5.7	medium	MP: North Face 5.7 (winter WI3- M4-5); SummitPost describes 5.4 gully pitches then 5.5 crest pitches; commonly cited as III 5.7
wa_north_star_mountain_cloudy_peak_traverse	Class 3-4	Class 4	medium	Traverse involves Class 3 or 4 on Cloudy Peak's east ridge (Class 3 bypass to the south); Cloudy's summit block needs a couple of Class 4 moves
wa_north_twin_sister_scramble	Class 3-4	Class 4	medium	Class 3-4 on the trail line beside the crest, Class 4-5 if staying on the crest
wa_north_twin_sister_west_ridge	4th class	Class 4	high	MP: West Ridge 4th, Grade II; 5th-class options abound but are optional
wa_old_guard_peak_east_side_route	Easy/moderate 5th class	5.5	low	East side: 2-3 pitches of easy/moderate class 5, also described as mid-fifth; no number found
wa_old_snowy_mountain_r1	Class 2-3	Class 3	high	Mostly Class 2 boot path, then a Class 2-3 ledge system/easy 3rd class to the summit
wa_overcoat_peak_southeast_route	5.0	5.4	medium	SummitPost East Face (Right Side): ~5 pitches Class 3 to 5.4; peak page says the summit block needs Class 4 if not low 5th; Mountaineers calls the snow-finger finish Class 3 ledges with rope/pro advisable.
wa_painted_mountain_scramble	Class 2-3	Class 3	medium	Easiest route is a scramble via the SW shoulder; trip reports describe a short roughly Class 3 band of mossy dirt-covered ledges low on the route, the rest Class 2.
wa_phantom_peak_south_route	Class 2-4	Class 4	medium	Easiest route listed as Southwest Route Class 4; a recent trip report found Class 2-3 to the ridge with an exposed crest needing a hand line to the true summit, plus moderately steep snow on the pocket glacier.
wa_pinnacle_peak_tatoosh_r1	4th Class	Class 4	medium	Mountain Project: Southwest Scramble 4th class from the Pinnacle Saddle trail; other reports call it Class 3 or Class 3/4.
wa_southwest_scramble	4th Class	Class 4	medium	Mountain Project: Southwest Scramble 4th class, loose rock and scree above the Pinnacle Saddle trail.
wa_point_success_south_side	Class 4	5.4	medium	SummitPost lists rock difficulty 5.4; Mountaineers: Class 3 rock and steep snow early season, final rock band to the summit low Class 5.
wa_preacher_mountain_scramble	Class 2-3	Class 3	medium	Rainy Lake route: brush, mossy slabs, then Class 3 (one report says 3/4) scrambling once on the ridge; Mountaineers list it as a scramble.
wa_primus_peak_south_ridge	PD	Class 2	medium	Primus from the south and west is a Class 2 walk-up; parties from the Eldorado/McAllister side unrope and scramble snow-covered talus to the summit.
wa_energizer_bunny	5.10+	5.11a	medium	FA party's report: 5.10+ C1 overall, but pitch 5 is the 5.11a final pitch shared with Solid Gold; P3 has a 15 ft aid section (C1, maybe 5.12- free).
wa_prusik_peak_south_face_burgner_stanley	5.9+	5.10a	medium	Mountain Project lists Stanley-Burgner 5.10a and a 2021 report calls it 5.10-; older sources and one trip report give 5.9+.
wa_ptarmigan_peak_pasayten_scramble	Class 2 walk-up	Class 2	medium	Rated YDS Class 2 ('this one's a walk'); Class 3 (avoidable Class 4) only on the ridge traverse toward Dot Mountain.
wa_raven_ridge_southeast_ridge_crater_lake		Class 3	low	Crater Lake side reaches the same summit block, which goes at Class 3 via a short passage under the boulders; the ridge itself is Class 2-3.
wa_raven_ridge_standard_route	Class 3–4	Class 3	medium	Very loose gully to the crest (Class 2+), easy ridge scramble; summit block looks 4th/5th but a tunnel on the SW side leads to a Class 3 scramble to the top.
wa_red_mountain_snoqualmie_standard	Class 2-3	Class 3	high	West slope scramble alternates Class 2 and Class 3 at 30-40 degrees with little exposure.
wa_south_face_7	Class 3-4	Class 4	high	Mountain Project: 4th class; several Class 3 pitches, optional Class 4/low-5th direct summit finish.
wa_remmel_mountain_southeast_slope	Class 1-2	Class 1	medium	Former lookout reached by an old trail switchbacking up the SE talus slope from Four Point Lake; described as a Class 1 walk-up with trail to the summit.
wa_reynolds_peak_scramble	Class 3	Class 4	medium	South (true) summit reputed Class 3 or 4 from the col between the summits; another report calls it Class 2/3 with a very exposed step-across move.
wa_robinson_mountain_southeast_ridge	Class 2-3	Class 3	high	Standard SE ridge via Beauty Creek: mile-long loose ridge scramble that does not exceed Class 3 (Class 2-3).
wa_rock_mountain_northeast_ridge		Class 3	low	Only trip report describes the NE ridge from the Howard-Rock col as a snow climb and rock scramble, with no class given.
wa_rock_mountain_west_route	Class 2	Class 1	medium	Summer: steep trail to the summit, non-technical with no scrambling or exposure; in winter it becomes a winter scramble with a narrow, sometimes corniced ridge to the true summit.
wa_ruby_mountain_happy_creek	Class 2-3	Class 3	low	Winter route: short trail, then 5,000 ft of steep untracked forest and snow; finishes on the same summit ridge as the NW ridge (exposed rock and snow). No class given beyond 'winter scramble'.
wa_ruby_mountain_south_ridge	Class 2-3	Class 3	medium	Fourth of July Pass then bootpath; the final 6,600-7,200 ft is a Class 2-3 scramble on a steep, somewhat exposed rock and grass slope.
wa_ruth_icy_traverse	4th class	Class 4	high	Mountain Project: 4th class, Grade II, Easy Snow; crux is a 100 ft low-4th-class summit gully on Icy Peak after Class 2-3 terrain.
wa_ruth_mountain_south_slopes	PD	Class 2	high	Mostly a walk-up with easy, minimally crevassed glacier travel; Mountain Project rates the North Face 'Easy Snow'.
wa_ruth_peak_olympics_scramble	Class 2-3	Class 3	medium	Easiest route on Ruth Peak is a Class 3 scramble, usually climbed from the Bailey Range Traverse.
wa_sahale_mountain_r1	4th class	Class 4	medium	Mountain Project: Quien Sabe Glacier 4th class, Easy Snow; the Mountaineers describe a loose-rock summit scramble after an exposed snow traverse.
wa_sentinel_peak_standard	4th class	Class 4	medium	West face from the South Cascade Glacier side: snow, a bergschrund crossing with some 4th-class rock, then Class 2/3 ledge and face to the summit. No 5th class reported.
wa_seven_fingered_jack_southwest_slopes	F	Class 3	medium	Standard SW slopes/ridge rated Class 2 by one source and Class 3 by another; loose gully, optional snow couloir.
wa_sheep_gap_mountain_scramble	Class 3-4	Class 4	medium	Main summit is mostly steep Class 3/4 rock and brush, with one short pitch that should be belayed; north summit is Class 2/3 from Weden Pass.
wa_sherman_peak_baker_route	Class 2-3	Class 3	medium	From the Roman Wall saddle, parties traverse to the south and front-point steep icy slopes to an exposed summit ridge with rime-ice knobs; in good snow the west ridge is described as a friendly ridge walk.
wa_sherman_peak_baker_squak_glacier		Class 3	medium	Mountain Project rates the Squak Glacier 'Easy Snow', Grade III; it joins the Easton route at the Sherman Crater rim, and the final climb to Sherman's summit is steep, icy front-pointing to an exposed rime-ice ridge.
wa_sherpa_peak_east_ridge	Class 3-4	Class 4	medium	East Ridge: broad NNE gully to the crest east of the Balanced Rock, then blocks and sandy benches westward to the summit, Class 3-4.
wa_sherpa_peak_west_ridge	5.4	5.5	medium	Mountain Project: West Ridge 5.5, 3 pitches; one report calls the final 5.4 crack 'comically sandbagged'.
wa_silver_star_glacier	4th class	Class 4	high	Mountain Project: 4th class, Steep Snow; summit rocks variously Class 3 or 4, with a Class 4 chimney and mantle to the true summit.
wa_sinister_peak_north_face	NCCS Grade II	Class 3	medium	45-50 degree neve and ice face, ice screws and pickets required (Mountaineers: intermediate ice climb), then a short rock scramble to the summit. No ice grade given.
wa_the_incisor_scramble	Class 3	5.4	medium	Climbers Guide to the Olympic Mountains (as quoted online): the Incisor's only route is 5.4 along the knife-edge ridge; no scramble line. Royal Basin routes range Class 3 to 5.8.
wa_the_pleiades_scramble	Class 3-4	Class 3	medium	SummitPost: all four Pleiades are reportedly 3rd class scrambles, on loose rock.
wa_the_temple_south_ridge	5.3-5.6	5.6	medium	The Mountaineers: Temple West Side, two-pitch basic rock climb, Grade II+, 5.6.
wa_the_tooth_indentured_servant	5.10a/b	5.10b	high	MP 5.10a/b; pitch 4 v-slot is 5.10b - top of range.
wa_the_tooth_r1	Low 5th class	WI3	medium	MP: original grading 'WI3 low 5th, 50-70 degree ice (1st pitch variation)', Grade II, 5 pitches.
wa_the_triad_east_peak	5.0–5.4	Class 4	medium	Wikipedia: easiest route class 4; one report calls the east-ridge crux 'stiff 4th class'; one party roped a 'low-5th class pinnacle'.
wa_the_triad_traverse	5.6 R	5.6	high	AAJ: west face of Middle Triad is the crux of the Triad Traverse, 5.6 R.
wa_three_fingers_south_peak_lookout	Class 3-4	Class 3	medium	Class 2-3 scrambling above the snowfield; ladders give access to the otherwise 5th-class summit block.
wa_three_queens_middle_peak		Class 4	medium	Trip report: 'The final obstacle was a Class 4 chimney straight up the face'.
wa_three_queens_standard	Class 3-4	Class 4	medium	East Peak via NE ridge is class 3 (Wikipedia: 3+), with reports of a loose Class 4 section to gain the ridge; top of range Class 4.
wa_three_queens_west_peak		5.7	low	SummitPost: West Tower is the hardest summit (class 5); trip report: easiest routes on Main/Middle/West are Class 3/4/5, West Queen's final pitch 'Class 5.7ish' on questionable rock with sketchy pro.
wa_thunder_mountain_north_face		5.0	low	SummitPost: north face is granite with 600 ft of class 5, first climbed 1972; no YDS number published.
wa_tomyhoi_peak_southeast_ridge	PD	Class 3	high	Southeast route rated 3rd; reports say the summit block goes at Class 3 on the right line (Class 4 only off-route).
wa_trapper_mountain_north_couloir		Class 3	medium	Couloir mostly 40-45 degrees, with a ~1000 ft section at 60-65 degrees; no ice grade published.
wa_trapper_mountain_south_slopes	PD	Class 3	medium	Wikipedia: easiest route class 3 scrambling.
wa_treen_peak_scramble	Class 2-3	Class 3	high	The Mountaineers: Strenuous 4, Technical 3; very steep gully above Charlie Brown Lake.
wa_unicorn_peak_r1	5.0-5.6	5.4	high	Normal line finishes on the summit horn's Classic Route, 5.4 (MP); approach is snow/Class 3.
wa_vasiliki_ridge_standard	low-mid 5th class	Class 4	medium	Beckey (via Wikipedia): Ares Tower is a 4th class spire; trip report followed a 4th class route to the notch north of the summit, a partner soloed a low-5th west-face variation.
wa_vesper_peak_standard_route	Class 2 granite slabs	Class 3	medium	From Headlee Pass: Class 2 hiking and moderate snow, finishing on summit slabs with Class 3 friction scrambling depending on line.
wa_wallaby_peak_standard	Class 2-3	Class 3	high	Ridge from Kangaroo Pass mostly Class 2; scree gully before the summit has Class 3 moves (Mountaineers Technical 4 on their scramble scale).
wa_warrior_peak_standard	Class 4 / low 5th	5.2	medium	SummitPost: Olympic guide says class 3, but other reports range class 4-5.2 for ~20 ft of poor rock above the snow; Mountaineers: short Class 4 pitch.
wa_flight_of_the_falcon	5.10b/c	5.10c	high	MP/TRs: Flight of the Falcon 5.10b/c, 7-9 pitches on Salish Peak; top of range 5.10c.
wa_west_craggy_peak_standard_route		Class 3	high	The Mountaineers: Technical 3; reports call Big and West Craggy straightforward Class 3 on loose rubbly rock, steep snow in the final gully early season.
wa_west_twin_needle_west_slope	Class 2-3	Class 2	medium	'The class 3 east flank and the class 2 west slope' - the west slope from the Himmelhorn notch is Class 2.
wa_north_ridge_2	3rd class	Class 4	medium	Listed as 3rd class in guidebooks, but the SummitPost route page rates the rock Class 4, Grade III, and says it is not an easy class 3 scramble.
wa_south_spur	Class 3	Class 4	medium	South Spur route rated 4th class; from Perfect Pass snowfields then 3rd class rock to the summit.
wa_gato_negro	5.10	5.10d	medium	MP: Grade IV 5.10, 12 pitches, sustained 5.10a/b; trip report gives IV+ 5.10d.
wa_winchester_mountain_south_trail	Class 1-2	Class 1	medium	Maintained trail from Twin Lakes to the 1935 lookout on the summit; a lingering snowfield can make it Class 2 early season.
wa_windy_peak_iron_gate_trail		Class 1	medium	Iron Gate trail joins the Windy Peak Trail ~2 mi south of the summit; the summit is described as a walk-up on trail.
wa_windy_peak_trail	Class 2	Class 1	medium	Windy Peak Trail from Long Swamp reaches the old lookout site on the summit; a walk-up.
wa_windy_peak_windy_creek_trail		Class 1	medium	SummitPost: Windy Creek route difficulty 'Walk Up' - basically a walk up all the way to the summit.
wa_e_se_face	4th class	Class 4	medium	MP lists one route, East Face, graded 4th (trad/alpine).
wa_skookum_peak_twinsisters_scramble	5.4	5.6	high	MP 'Jaw's Tooth and Northwest Ridge': 5.6, Grade II, 6 pitches; sustained 5.6 layback corner on Jaw's Tooth, then solid low 5th along the ridge to Skookum.
wa_sloan_peak_corkscrew	3rd class	Class 3	high	MP Corkscrew Route: 3rd class, 1- ice, Easy Snow; finishes with an exposed Class 3 scramble.
wa_snoqualmie_mountain_standard_route	F	Class 3	medium	Popular south-side scramble described as moderate class 2 and 3 with exposure near the top.
wa_snoqualmie_mountain_the_snostril	WI4+	WI4	high	AAJ: The Snostril (250m, WI4 M5); crux 15m of WI4 M5 exiting the cave; the Post Nasal Drip finish is also WI4 M5.
wa_neve_glacier_west_ridge	4th class	Class 4	medium	Neve Glacier then ~400 ft of 3rd/4th class scrambling; a couple of 4th-class moves at the notch below the summit.
wa_snowfield_peak_neve_glacier	4th class	Class 4	medium	Moderate glacier finishing with ~400 ft of 3rd/4th class rock; a couple of 4th-class moves at the notch.
wa_free_mojo	5.11-	5.11	medium	MP: Free Mojo 5.11 (no letter).
wa_northwest_face_boving_pollock	5.11a	5.11b	medium	MP: 5.11b, Grade III, 6 pitches; double Boving Roof on pitch 5 is the crux.
wa_south_early_winter_spire_southwest_couloir	Grade II	5.0	medium	MP: Mod. Snow, 25-30 deg then 40-50 deg; 'a low 5th class move will get you to the summit'.
wa_south_twin_sister_north_ridge	4th class	Class 4	medium	South Twin routes range Class 2-4 up to low 5th; the ridges are 3rd-4th class rock with occasional 5th-class moves that can be bypassed.
wa_south_twin_sister_scramble	Class 2-3	Class 3	medium	SummitPost: South Twin routes from Class 2-4; the west-ridge approach with the south-side gully bypass avoids the 5th-class crest and is Class 3.
wa_south_twin_sister_west_ridge	4th class	Class 4	medium	SummitPost: West Ridge is the standard route, doable unroped; lots of class 3 and occasional class 4 moves with much exposure; the crest-direct finish has 5th-class moves usually bypassed by south-side gullies.
wa_spectre_peak_south_route	5.9R	5.9	high	AAJ and FA TR: Spirited Away IV 5.9, ~2,000 ft, 10 pitches; crux short overhanging 5.9 on pitch 2.
wa_sperry_peak_standard	Class 2-3	Class 3	medium	WTA: semi-technical scramble with some exposure; scramble reports: most of the climb is class 3 with steep snow, a few class 4 moves reported on some lines.
wa_spider_mountain_north_face		Class 3	low	North face is a narrow snow couloir, about 45+ deg at its steepest; no ice grade found (now mainly a ski descent).
wa_spire_mountain_scramble	Class 4-5	5.0	medium	SummitPost: Beckey calls the summit ridge class 3, but two short sections are decidedly class 4 and 5; a rope may be desired.
wa_star_peak_sawtooth_scramble	Class 2-3	Class 3	medium	Up the bowl south of Star Lake to a pass, then the SW ridge: scree, talus and some easy scrambling with hands and feet; west side from Star Pass is Class 1-2.
wa_summit_chief_mountain_south_route	Class 3-4	Class 4	medium	Reports: a short exposed 15-ft section of class 3-4 rock near the summit, airy moves on loose rock over an exposed slab.
wa_switchback_mountain_scramble	Class 2-3	Class 2	medium	SummitPost: the way up Switchback is like following a trail; only scrambling is the last 300 ft over very simple large boulders.
wa_switchback_mountain_west_ridge	Class 2-3	Class 3	low	Approach via Boiling Lake; summit from the west by easy terrain; record gives class 2-3 for the west ridge and no source rates it higher or lower.
wa_tenpeak_mountain_southeast	5.0-5.4	5.0	medium	The summit pyramid options, southeast face or west ridge, are each 'a pitch or so of low 5th class climbing'; no number given.
wa_the_brothers_south_couloir	Class 3-4	Class 3	high	MP: 3rd class, 1- ice, Easy Snow; snow to 40-45 deg and short 3rd-class scrambling, some class 4 variations off route.
wa_the_brothers_traverse	Easy 5th class	5.4	medium	MP: Easy 5th, 1+ ice, Moderate Snow; Mountaineers: Grade III, 5.4, AI2, snow to 70 deg.
wa_mount_rainier_edmunds_headwall	AI3	Class 3	medium	Alpine Grade III; slope ramps to 45-50 degrees and stays there to Liberty Cap; documented mostly as a ski descent, no ice grade given.
wa_mount_rainier_emmons_glacier	III	Class 2	high	MP: Mod. Snow; SummitPost: Grade II, moderate glacier travel, ~30-35 degree Corridor.
wa_mount_rainier_fuhrer_finger	AI2-3	Class 3	medium	MP: Mod. Snow, Grade II; ~2,200 ft of sustained 40-45 degree couloir on 30-45 degree snow/ice, usually protected with pickets.
wa_mount_rainier_fuhrer_thumb	AD	Class 3	medium	MP lists Fuhrer Thumb as Mod. Snow; SummitPost: narrower couloir west of the Finger, Grade II on 30-45 degree snow/ice, joining the Finger at ~11,500 ft.
wa_mount_rainier_gibraltar_ledges	4th class	AI2	high	MP: AI1-2 Mod. Snow; Grade II with 35-50 degree snow and ice, exposed ledges protected with pickets.
wa_mount_rainier_ingraham_direct	II	Class 2	medium	MP lists Ingraham Glacier Direct as Mod. Snow; a crevassed glacier climb up the headwall with no rock and no ice grade.
wa_mount_rainier_kautz_glacier	5th class	AI3	high	MP lists WI2-3; two steps of alpine ice in the Kautz chute are the crux; the rock step is a ~25 ft rappel or downclimb off the Wapowety Cleaver, not a 5th-class climb.
wa_mount_rainier_kautz_headwall	AI2-3	AI3	medium	No dedicated page found; the Kautz ice chute it climbs directly is WI2-3 on MP, and the record's own ice_grade puts the crux pitch at AI3.
wa_mount_rainier_liberty_ridge	AI2-3	AI3	high	MP: AI2-3 Steep Snow; crux is the ice of the Black Pyramid / upper ridge and the bergschrund below Liberty Cap.
wa_mount_rainier_mowich_face	5th class	AI3	medium	MP Central Mowich Face: AI3-4 Steep Snow overall; original Grade III line takes a 40-50 degree snow ramp, the Grade IV variation has AI2-3 ice steps and 50-60 degree snow.
wa_mount_rainier_tahoma_glacier	II	Class 2	high	MP lists Tahoma Glacier as Mod. Snow: a crevassed glacier climb with no rock or ice grade.
wa_mount_seattle_south	Class 2-3	Class 3	medium	Trip report via the Southwest Couloir: Class 2-3 scramble to the craggy summit; easiest route on the peak rated Class 3.
wa_mount_sefrit_bloody_head_couloir		Class 4	low	SummitPost: ~1,800 ft confined couloir to Nooksack Ridge, a basic snow climb with some 3rd-4th class rock at the end.
wa_mount_sefrit_southeast_ridge	Class 2	Class 3	medium	Trip report: Wall Street gully 30-35 degree snow, then the SE ridge was 'a straightforward Class 2 scramble except for 100 feet of exposed Class 3 traversing'.
wa_mount_sefrit_southwest_ridge	Class 3	Class 4	medium	SummitPost: from the Nooksack Cirque trail up the south slopes to the SE ridge, then a fractured class 3/4 ridge to the summit; reports mention two short Class 4 rock sections.
wa_mount_shuksan_fisher_chimneys	4th class	Class 4	high	MP: 4th, AI1, Mod. Snow; Class 3-4 chimneys, steep snow at Winnie's Slide and Hell's Highway, Class 3-4 summit pyramid.
wa_mount_shuksan_north_face	up to 5.6 depending on summit-pyramid finish…	AI3	high	MP: AI2-3 Mod. Snow; 45-50 degree snow/ice face, summit pyramid options 4th class to 5.6.
wa_mount_shuksan_price_glacier	4th-5th class	AI3	medium	MP: Easy 5th, AI2-3, M4, Steep Snow; the route is known as an alpine ice climb through the Price Glacier seracs.
wa_mount_shuksan_sulphide_glacier	Class 3-4	Class 3	medium	MP: 3rd, Easy Snow; finishes with a Class 3 rock gully (snow early season) on the summit pyramid. Some sources call the pyramid Class 3-4.
wa_mount_shuksan_white_salmon_glacier	II	Class 3	medium	MP: Easy Snow for the glacier; reaching the summit uses the summit pyramid, Class 3 on MP's Sulphide route.
wa_mount_skokomish_standard	Class 2-3	Class 3	high	From Lake of the Angels: a typical Class 2 and 3 Olympic scramble, maybe 3+ in spots, on rotten rock.
wa_mount_st_helens_monitor_ridge	F	Class 2	high	Standard summer route: a non-technical Class 2 climb over boulder ridges and ash slopes to the crater rim.
wa_mount_st_helens_worm_flows	F	Class 2	high	Winter route from Marble Mountain Sno-Park: a non-technical snow climb that joins Monitor Ridge below the summit; ice axe and crampons needed.
wa_mount_steel_first_divide		Class 1	medium	Easiest route is from First Divide (14 mi up the North Fork Skokomish), following the ridge west; rated class 1.
wa_mount_steel_standard	Class 2-3	Class 1	medium	From Marmot Lake a creek leads into the west-side amphitheater where 'easy slopes lead to the summit'; both routes rated class 1.
wa_mount_stickney_scramble	Class 3-4	Class 3	medium	Class 2/3 scramble: a gully west of the summit to the ridge, then an exposed ridge traverse; final scramble described as simple Class 2 with exposure, with Class 4/5 gendarmes avoided.
wa_lena_lake_to_mt_stone_traverse	Class 3-4	Class 3	high	MP: 3rd, Easy Snow; St. Peter's Gate needs Class 2-3 scrambling on loose talus and scree; the west-ridge summit finish is a Class 2-3 scramble.
wa_mount_stone_lake_of_angels	Class 3	Class 4	high	MP South Couloir: 4th; 'mostly 2nd and 3rd class with ... one step of 4th class terrain near the summit pinnacle' (Olympic guide says 3rd class).
wa_mount_stone_putvin	Class 3	Class 4	high	MP South Couloir: 4th; mostly 2nd-3rd class with one 4th-class step on the east side of the summit pinnacle.
wa_king_kong_gorillas_direct_direct	5.11d-5.12a	5.12a	high	MP lists King Kong - Gorillas Direct Direct at 5.12a; crux is the two-pitch direct headwall finish.
wa_mount_stuart_ice_cliff_glacier	low 5th	AI3	high	MP: AI2-3 Steep Snow, Grade III, 2,000 ft (Prater, Prater, Mahre 1957).
wa_mount_stuart_stuart_glacier_couloir	M5-	WI3	medium	MP: WI2-3 M5-; mostly 40-50 degree snow with a narrow 60-80 degree ice step as the crux, then a low-to-mid 5th West Ridge finish.
wa_sherpa_glacier	Class 3	Class 4	medium	MP: 4th, Mod. Snow; other descriptions give Grade II, snow to 40 degrees, then simple Class 3 ridge scrambling to the summit.
wa_mount_teneriffe_kamikaze_trail		Class 2	medium	SummitPost: the Southwest Ridge route is Class 2, with optional Class 3 bypasses; trip reports note a few Class 2-3 rock steps on a steep boot track.
wa_mount_teneriffe_standard_route		Class 2	high	Long trail via Rachor Pass; 'a short hike and an easy rock scramble' to the rounded summit.
wa_mount_terror_southeast_face	5.6	5.8	medium	MP lists East Ridge/SE Face at 5.8; the Cascade Alpine Guide gives a 4-pitch 5.6, but trip reports call the first pitch a hard 5.8 (40 ft vertical, offwidth or finger crack).
wa_mount_townsend_standard	Class 1-2	Class 1	high	Maintained Mt. Townsend Trail #839 to the summit: 8.2 mi round trip, 2,900 ft gain, no scrambling.
wa_mount_triumph_northeast_ridge	5.7	5.6	medium	MP: 5.6 PG13; other sources give 5.7 for the short offwidth crux, with mostly 4th and low-5th ridge climbing.
wa_mount_walkinshaw_scramble	Class 3-4	Class 3	medium	Easiest route: scramble class 3 via the West Side or Gray Wolf Ridge.
wa_mount_washington_olympic_standard	Class 3	Class 4	medium	Standard south route: Grade I, Class 3, with the 'hourglass' a short pitch of 4th class climbing on the way to the summit.
wa_mount_washington_olympic_winter_direct	4th class	Class 4	medium	MP: Winter Direct 4th, AI1-2 Steep Snow, Grade II; climbed only when snow-covered, with two tools and rock and ice protection.
wa_andersons_thumb_standard	Class 4 / low 5th	5.0	low	Anderson's Thumb (~6,850 ft subpeak of Mount Anderson) is described only as 'a fun rock climb on good sandstone'; no numeric grade found online. Record says Class 4 / low 5th.
wa_austera_peak_southwest_ridge	Easy 5th	5.2	low	Beckey calls the SW ridge 3rd class, but glacial recession now leaves a low-5th pitch at its base; summit tower low 5th (chockstone 5.2).
wa_bacon_peak_diobsud	Class 2-3	Class 3	low	Record's own difficulty at the top of its range; low-confidence research (Class 2) not adopted.
wa_gully_1	3rd	Class 3	low	The Amphitheater (Cape Disappointment) on Mountain Project lists 4 climbs and describes gullies used as 3rd-class access/descent; the individual route grade was not visible.
wa_gully_2	3rd	Class 3	low	The Amphitheater (Cape Disappointment) on Mountain Project lists 4 climbs and describes gullies used as 3rd-class access/descent; the individual route grade was not visible.
wa_buckskin_mountain_southwest_slopes	F	Class 3	low	South-side rib and gully from Entiat Meadows to the east ridge at 7,900 ft, a non-technical scramble on scree and heather; no class rating stated
wa_cinderella_peak_scramble	3rd-4th class	Class 4	low	West ridge is mostly hiking, then 'fun scrambling' to the true summit (no class given); the record's 4th class finish could not be confirmed or refuted.
wa_forbidden_peak_northeast_face	Class 3-4	AI2	low	AAJ FA account: 300 ft of rock, then a 300-ft 50-degree ice patch, then easier upslab rock; no modern grade found.
wa_ghost_peak_south_route	5th class	Class 4	low	Easiest route listed as Class 4 (West Face); FA account quoted by the record (easy-moderate fifth class) not found online.
wa_himmelhorn_southeast_route	Class 4-5	5.0	low	Beckey: mainly class 4 with one lead of moderate class 5; no number published.
wa_inner_constance_standard	5.0	Class 4	low	Trip report via the South Gully and East Ridge: a snow defile with moats, then a Class 2-3 scramble to the top; no 5th-class climbing mentioned. The record's own breakdown tops out at Class 3-4.
wa_klawatti_peak_southeast_face	Class 4 / low 5th	Class 4	low	South/SE face from Klawatti Col: 45-50° snow through a constriction (icy at times, bergschrund bridges) in early season; later it melts out to slabs with a moat.
wa_lincoln_peak_standard	AI3+	AI3	low	Trip reports: X Couloir is 60+ degree exposed snow/ice with a narrow crux gully near 75 degrees, climbed with tools and screws; no published ice grade.
wa_little_sister_west_face	Easy 5th	5.0	low	MP: West Face 'Easy 5th', with no number anywhere.
wa_luahna_peak_east_slopes	F	Class 3	low	Luahna's summit scramble is reported as Class 2-3 (Pilz/Walrus side); one TR found a direct south-side line about 4th class.
wa_lundin_peak_east_ridge	Easy 5th class	5.0	low	MP: East Ridge 'Easy 5th'; no numbered grade found.
wa_lundin_peak_west_ridge	Easy 5th	5.0	low	MP: Easy 5th, Grade II; mostly Class 3 with a 'Class 4/5' slabby-depression crux.
wa_massie_peak_west_route	F	Class 3	low	Peakbagger only notes an ascent via the Massie Lake High Route and summit ridge (3 logged ascents); no class rating found online, so the record's top-of-range Class 3 is kept.
wa_south_face_8	Easy 5th class	5.0	low	MP: South Face (Crooks/Kennedy 1941) Easy 5th, Grade II, 4 pitches; several low-5th pitches, a steeper final pitch, no numbers.
wa_mount_adams_wilson_glacier_headwall	D	Class 3	low	Described as Grade IV, ~55 degree snow/ice in 4-5 pitches up chimneys of the Roosevelt Cliff; extremely dangerous from rock- and icefall. No source gives an ice grade.
wa_mount_baker_park_glacier_headwall	AI3	Class 3	low	SummitPost: Grade III, 45-50 degree snow/ice wall over several pitches and a narrow snow arete; AAJ 1971 line: 60 degree snow/ice face. No source gives an AI grade.
wa_mount_chaval_north_ridge	5.6-5.7	5.7	low	No online description of a North Ridge route on Chaval was found; the record's own grade (5.6-5.7, two technical pitches) is read at the top of its range.
wa_mount_dana_scramble	Class 2-3	Class 3	low	Sources list the easiest route only as 'scrambling' (a Mountaineers Olympia scramble peak); no class number found, so the top of the record's range is kept.
wa_mount_degenhardt_southwest_route	5.6	5.0	low	Degenhardt South Route described as low 5th (another report calls it a '4th class summit'); one party off route roped up for ~5.7. No number given for the normal line.
wa_olympus_blue_glacier_east_ramps	Class 4	5.0	low	Mountaineers: Class 4 ramps across the E face, then up to the summit with a Class 5 step; no number given.
wa_mount_rainier_nisqually_icefall	Steep alpine ice	AI3	low	First climbed 1948 (Molenaar, Craig); route listings give Alpine Grade III with ice to ~60 degrees; no published AI grade.
wa_mount_rainier_willis_wall	5.5	AI3	low	MP grades the wall M5+ X, Grade V (a mixed grade); other sources say it is not technically hard by modern standards and the danger is the 300 ft serac band.
wa_luna_glacier	Easy 5th class	5.0	low	Mountain Project: Luna Glacier 'Easy 5th', Steep Snow, M1c; no numeric rock grade found anywhere.
wa_north_star_mountain_east_route	Class 3-4	Class 3	low	Record's own difficulty at the top of its range; low-confidence research (Class 4) not adopted.
wa_pernod_spire_standard	5.5-5.7	5.7	low	1952 FA account: ~500 ft of difficult rock to the Pernod-Chianti notch, two hard leads with pitons, a pendulum and a sling near the summit; no modern free grade found online beyond the record's 5.5-5.7.
wa_open_book_2	Easy 5th	5.0	low	MP: Open Book rated 'Easy 5th' (no number), left-leaning cracks east of The Roof.
wa_the_pyramid_picket_south_route	3rd-4th class	5.0	low	Trip report: from Degenhardt, 3rd-4th class with a few moves of low 5th to leave the ridge onto Pyramid; no number anywhere.
wa_three_fingers_r2	Class 4 / low fifth	Class 4	low	Little route-specific beta; Middle Finger described as the hardest-looking of the three, with class 4 scrambling reported.
wa_tupshin_peak_scramble	Class 4-5	5.0	low	Record's own difficulty at the top of its range; low-confidence research (5.4) not adopted.
wa_whatcom_peak_southwest_route	PD	Class 3	low	South-side routes from Perfect Pass/Whatcom Glacier: snowfields then 3rd class rock to the summit; no separate grade found for a 'Southwest Route'.
wa_whitehorse_mountain_r1	Class 3-4	Class 4	low	Same NW Shoulder line; steep snow/ice to ~50-55 degrees and Class 3-4 summit rock (later season); no published ice grade found.
